<?xml version="1.0" encoding="utf-8"?>
<extension type="component" version="3.2.0" method="upgrade">

	<name>Order History</name>
	<!-- The following elements are optional and free of formatting constraints -->
	<creationDate>August 2016</creationDate>
	<author>Paytm</author>
	<authorEmail>info@paytm.com</authorEmail>
	<authorUrl>http://www.paytm.com</authorUrl>
	<copyright>(C) 2016 Paytm. All rights reserved.</copyright>
	<license>GNU General Public License</license>
	<!--  The version string is recorded in the components table -->
	<version>0.0.7</version>
	<!-- The description is optional and defaults to the name -->
	<description>This is order history module</description>
	
	
	
	<administration>
		<!-- Administration Menu Section -->
		<menu link='index.php?option=com_orderhistory'>COM_ORDERHISTORY</menu>
		<!-- Administration Main File Copy Section -->
		<!-- Note the folder attribute: This attribute describes the folder
			to copy FROM in the package to install therefore files copied
			in this section are copied from /admin/ in the package -->
		<files folder="admin">
			<!-- Admin Main File Copy Section -->
			<filename>index.html</filename>
			<filename>orderhistory.php</filename>
			<filename>controller.php</filename>
			
			<!-- tables files section -->
			<folder>tables</folder>
			<!-- models files section -->
			<folder>models</folder>
			<!-- views files section -->
			<folder>views</folder>
		</files>
		<languages folder="admin">
			<language tag="en-GB">language/en-GB.com_orderhistory.ini</language>
			<language tag="en-GB">language/en-GB.com_orderhistory.sys.ini</language>
		</languages>
	</administration>

</extension>