<?xml version="1.0" encoding="utf-8"?>
<extension version="3.5" type="module" client="site" method="upgrade">
    <name>Paytm</name>
    <author>Paytm</author>
    <creationDate>August 2016</creationDate>
    <copyright>Copyright (C) 2016 one97.com</copyright>
    <license>GPL v3</license>
    <authorEmail>info@paytm.com</authorEmail>
    <authorUrl>http://www.paytm.com</authorUrl>
    <version>1.2.4</version>
    <variant>FREE</variant>
    <description>Integration of Payment via Paytm</description>
    <languages>
        <language tag="en-GB">languages/en-GB.mod_pgpaytm.ini</language>
    </languages>
    <files>
        <filename module="mod_pgpaytm">mod_pgpaytm.php</filename>
		<filename>helper.php</filename>
		<filename>mod_pgpaytm.xml</filename>
        <folder>css</folder>
		<folder>languages</folder>
		<folder>images</folder>
        <folder>tmpl</folder>
        <folder>inc</folder>
		<folder>sql/mysql</folder>
    </files>
	<install>
		<sql>
			<file driver="mysql" charset="utf8">sql/mysql/install.mysql.utf8.sql</file>
		</sql>
	</install>
	<uninstall>
		<sql>
			<file driver="mysql" charset="utf8">sql/mysql/uninstall.mysql.utf8.sql</file>
		</sql>
	</uninstall>	 
	<update> 
		<schemas>
			<schemapath type="mysql">sql/mysql/updates</schemapath> 
		</schemas> 
	</update>
    <config>
        <fields name="params">
            <fieldset name="basic">
                <field name="moduleclass_sfx" type="text" default="" label="MOD_PGPAYTM_MODULE_CLASS_SUFFIX_LABEL"
                       description="MOD_PGPAYTM_MODULE_CLASS_SUFFIX_DESC"/>
                
	 <field name="paytm_environment" type="radio" default="TEST" label="MOD_PGPAYTM_PAYTM_ENVIRONMENT"
                       description="MOD_PGPAYTM_PAYTM_ENVIRONMENT_DESC">
            <option value="TEST">Sandbox (Test)</option>
            <option value="PROD">Production (Live)</option>
        </field> 
				
       <!-- <field name="paytm_transaction_url" type="text" default="" label="MOD_PGPAYTM_PAYTM_TRANSACTION_URL" description="MOD_PGPAYTM_PAYTM_TRANSACTION_URL_DESC"/>

        <field name="paytm_transaction_status_url" type="text" default="" label="MOD_PGPAYTM_PAYTM_TRANSACTION_STATUS_URL" description="MOD_PGPAYTM_PAYTM_TRANSACTION_STATUS_URL_DESC"/> -->


				<field name="paytm_merchant_key" type="text" default="" label="MOD_PGPAYTM_PAYTM_MERCHANT_KEY" description="MOD_PGPAYTM_PAYTM_MERCHANT_KEY_DESC"/>
				<field name="paytm_merchant_mid" type="text" size="" default="" label="MOD_PGPAYTM_PAYTM_MERCHANT_MID" description="MOD_PGPAYTM_PAYTM_MERCHANT_MID_DESC"/>
				<field name="paytm_merchant_website" type="text" size="" default=""
                       label="MOD_PGPAYTM_PAYTM_MERCHANT_WEBSITE" description="MOD_PGPAYTM_PAYTM_MERCHANT_WEBSITE_DESC"/>                
                <field name="show_text" type="radio" default="0" label="MOD_PGPAYTM_SHOW_INTRO_TEXT_LABEL"
                       description="MOD_PGPAYTM_SHOW_INTRO_TEXTDESC">
                    <option value="1">JYES</option>
                    <option value="0">JNO</option>
                </field>				
                <field name="intro_text" type="textarea" rows="3" cols="35"
                       default="Please enter introduction." label="MOD_PGPAYTM_INTRO_TEXT_LABEL"
                       description="MOD_PGPAYTM_INTRO_TEXT_DESC"/>
				<field name="currencies" type="text" size="64" maxlength="100"
                       default="USD,EUR,GBP,CHF,AUD,HKD,CAD,JPY,NZD,SGD,SEK,DKK,PLN,NONONOK,HUF,CZK,ILS,MXN"
                       label="MOD_PGPAYTM_CURRENCIES_LABEL" description="MOD_PGPAYTM_CURRENCIES_DESC"/>
					   
				<field name="show_callback" type="radio" default="0" label="MOD_PGPAYTM_ENABLE_CALLBACKURL_LABEL"
                       description="MOD_PGPAYTM_ENABLE_CALLBACKURL_DESC">
                    <option value="1">JYES</option>
                    <option value="0">JNO</option>
                </field>	   
				
                <field name="show_amount" type="radio" default="1" label="MOD_PGPAYTM_SHOW_AMOUNT_FIELD_LABEL"
                       description="MOD_PGPAYTM_SHOW_AMOUNT_FIELD_DESC">
                    <option value="1">JYES</option>
                    <option value="0">JNO</option>
                </field>
                <field name="amount_label" type="text" default="Amount" label="MOD_PGPAYTM_AMOUNT_LABEL_LABEL" description="MOD_PGPAYTM_AMOUNT_LABEL_DESC"/>
                <field name="amount" type="text" size="5" default="" label="MOD_PGPAYTM_AMOUNT_LABEL" description="MOD_PGPAYTM_AMOUNT_DESC"/>				
            </fieldset>
        </fields>
    </config>
</extension>
