<?xml version="1.0" encoding="UTF-8" ?>
 <extension type="package" version="3.5" method="upgrade">
 <name>Paytm Package</name>
 <author>Paytm Team</author>
 <creationDate>August 2016</creationDate>
 <packagename>paytm</packagename>
 <version>2.0</version>
 <url>http://www.paytm.com</url>
 <packager>Paytm Team</packager>
 <packagerurl>http://www.paytm.com</packagerurl>
 <description>Paytm Payment Geteway Integration with Joomla</description>
 <update>http://www.paytm.com/update</update>
 <files folder="packages">
   <file type="component" id="com_orderhistory">com_orderhistory.zip</file>
   <file type="module" id="mod_pgpaytm" client="site">mod_pgpaytm.zip</file>   
 </files>
 </extension>